{"Jetelina":[{"apino":"js95","max":0.7574974103225675,"min":0.5037094278690488,"mean":0.5799504547147557},{"apino":"js90","max":1.2396125407432963,"min":0.4523494168006627,"mean":0.7043459789558632},{"apino":"js89","max":0.4107390470963866,"min":0.25561560304988024,"mean":0.3498444580669191},{"apino":"js87","max":0.37336599457155656,"min":0.23682803001287375,"mean":0.3051357936557204}]}
