{"Jetelina":[{"apino":"js95","max":2.028088842475239,"min":0.33356673680019033,"mean":0.8835471630765409},{"apino":"js90","max":0.7712066054201849,"min":0.32219295773934964,"mean":0.5288137842200012},{"apino":"js89","max":1.1784144558391731,"min":0.1976078113110132,"mean":0.62218142808368},{"apino":"js87","max":0.46299036813158273,"min":0.20209928139853106,"mean":0.25463114563287603}]}
