{"Jetelina":[{"apino":"js95","max":0.8194454249624036,"min":0.6049817860933152,"mean":0.6592607781364455},{"apino":"js90","max":0.8384338767548866,"min":0.6422144196099406,"mean":0.6990385033211247},{"apino":"js89","max":0.4518009191856358,"min":0.4116663489005009,"mean":0.4776025048109752},{"apino":"js87","max":0.4420354043204655,"min":0.4338706112414983,"mean":0.4525305341734434}]}
