{"Jetelina":[{"apino":"js95","max":0.7384894221722564,"min":0.448293258239283,"mean":0.5684578884474518},{"apino":"js90","max":1.1880432161995478,"min":0.8702771652108476,"mean":1.0220838118443105},{"apino":"js89","max":0.4012901100296553,"min":0.2621638357357018,"mean":0.334363981314793},{"apino":"js87","max":0.3903004647433122,"min":0.24820180907371445,"mean":0.3354545983611645}]}
