{"Jetelina":[{"apino":"js95","max":0.7495740851989445,"min":0.48879578996387585,"mean":0.5182140806381526},{"apino":"js90","max":1.066150107605371,"min":0.5418430550095414,"mean":0.6516794183375753},{"apino":"js89","max":0.35560256121651124,"min":0.2191236740292806,"mean":0.2891814746415047},{"apino":"js87","max":0.3391049950470893,"min":0.2233080638929336,"mean":0.26868264634676264}]}
