{"Jetelina":[{"apino":"JS312","max":1.7727446306412205,"min":1.0,"mean":1.1254994301700303},{"apino":"js313","max":1.3998356151305682,"min":0.9689569955638382,"mean":1.083105568482628},{"apino":"js314","max":1.0,"min":0.6916411773046772,"mean":0.7913950013473414}]}
