{"Jetelina":[{"apino":"js468","max":1.1651132378693003,"min":1.3143901649145533,"mean":1.319408699753384},{"apino":"js467","max":1.0919520308990154,"min":1.3983919585471574,"mean":1.2781127400131973}]}
