{"Jetelina":[{"apino":"js95","max":2.5916870133393366,"min":0.41069449060958796,"mean":0.9543892001365696},{"apino":"js90","max":1.0,"min":0.4172410360414322,"mean":0.7698712288161895},{"apino":"js87","max":2.321806438206722,"min":1.0,"mean":1.2757395710472408}]}
