{"Jetelina":[{"apino":"js95","max":1.3390338588826036,"min":0.36639116983621756,"mean":0.8159532465506489},{"apino":"js90","max":0.8979749606047969,"min":0.3406923975356853,"mean":0.651148722637825},{"apino":"js87","max":0.5995208199800156,"min":0.2372749886324123,"mean":0.44288151834504536}]}
