{"Jetelina":[{"apino":"js46","max":1.0834154293061444,"min":0.8431801802499942,"mean":0.14403954567763486},{"apino":"js312","max":2.252771336868584,"min":1.604996009082244,"mean":0.2339357807508785},{"apino":"js50","max":1.0660803124064893,"min":0.7324147764698589,"mean":0.1380324811479189},{"apino":"js51","max":1.0532637760686026,"min":0.7396178018179987,"mean":0.13636321805964394}]}
