{"Jetelina":[{"apino":"JS312","max":1.1818317426884535,"min":0.991355561407418,"mean":1.0878191605852994},{"apino":"js312","max":2.702442502588092,"min":1.8683027123382019,"mean":1.9720985496913404},{"apino":"js50","max":1.3637708874694576,"min":0.9407245730953877,"mean":0.9538319650189419},{"apino":"js51","max":1.1017694494747738,"min":0.9835315089027085,"mean":1.052681856309682}]}
