{"Jetelina":[{"apino":"js95","max":1.2380729797887915,"min":0.49657010903968396,"mean":0.8750216110291759},{"apino":"js90","max":1.1277193885976426,"min":0.5005287042733213,"mean":0.8456960974764027},{"apino":"js87","max":1.0,"min":1.0,"mean":1.2792822914944215}]}
