{"Jetelina":[{"apino":"js468","max":0.9563281306576196,"min":0.5538037708360779,"mean":0.09629314796396292}]}
