{"Jetelina":[{"apino":"JS312","max":1.0,"min":1.0,"mean":1.0},{"apino":"js314","max":0.42729723894302557,"min":0.6083111812593455,"mean":0.5596505150678375},{"apino":"js313","max":0.6013083414408275,"min":0.5681176275128759,"mean":0.6401138376850244}]}
