{"Jetelina":[{"apino":"js46","max":1.111401388503649,"min":0.9073835853165225,"mean":0.14494735667393055},{"apino":"js312","max":2.581268181240581,"min":1.7137078338228342,"mean":0.2486505169184584},{"apino":"js50","max":1.0671351488726777,"min":0.7383624063296731,"mean":0.13228895909335603},{"apino":"js51","max":1.1729057328722297,"min":0.702897483784475,"mean":0.1307023996363505}]}
