{"Jetelina":[{"apino":"JS312","max":0.6763403844972563,"min":1.1128081511941175,"mean":1.0554994128004334},{"apino":"js312","max":1.5174868248220938,"min":2.1331608159296698,"mean":1.8082102168700742},{"apino":"js50","max":0.5758766552592584,"min":1.2333846496647558,"mean":1.011706051863259},{"apino":"js51","max":0.5498199693876434,"min":0.9574260133287419,"mean":0.9090498863827761}]}
