{"Jetelina":[{"apino":"js95","max":3.013813174396672,"min":1.50460241143939,"mean":2.3371168947168277},{"apino":"js87","max":1.3985394543154634,"min":0.758071346719147,"mean":0.8782684937213442}]}
