{"Jetelina":[{"apino":"js468","max":0.8410956005816073,"min":0.9356347466493946,"mean":0.8778611991012321},{"apino":"js467","max":0.9158773852878551,"min":1.1219483334163718,"mean":1.0376128953191466}]}
