{"Jetelina":[{"apino":"js46","max":89.32734089663833,"min":1.0,"mean":2.7270166119767585},{"apino":"js50","max":1.0481781525878338,"min":0.6886774176049845,"mean":0.13756921221629886},{"apino":"js51","max":1.0,"min":0.7698441604736407,"mean":0.1354141758069428}]}
