{"Jetelina":[{"apino":"JS312","max":0.6601481476495045,"min":0.9073065002937185,"mean":0.9117611215827888},{"apino":"js312","max":1.514884185495061,"min":1.7243249539165841,"mean":1.7126498824738607},{"apino":"js50","max":0.6477450103457647,"min":1.1239947738367735,"mean":0.9898049163808272},{"apino":"js51","max":0.6215133005556168,"min":0.9695444325156481,"mean":0.9655917724229469}]}
