{"Jetelina":[{"apino":"js468","max":1.0661285748369294,"min":1.0,"mean":1.0093165327619267},{"apino":"js467","max":1.0,"min":0.9863235513925563,"mean":0.9906834672380732}]}
