{"Jetelina":[{"apino":"JS312","max":1.054476728054918,"min":0.7810227479895477,"mean":0.9281134341742059},{"apino":"js312","max":2.548593480096304,"min":1.7313488767800354,"mean":1.691896186457812},{"apino":"js50","max":0.8536601738123865,"min":0.7175086596309277,"mean":0.8368448855859706},{"apino":"js51","max":1.0174110725590637,"min":0.7993041910588046,"mean":0.8965979387779728}]}
