{"Jetelina":[{"apino":"JS312","max":1.164957518834004,"min":1.7823546093544271,"mean":1.5254559491105206},{"apino":"js314","max":0.6658381079241238,"min":1.2774221646038852,"mean":1.0684178032700375},{"apino":"js313","max":0.8622788955654155,"min":1.3407944578362065,"mean":1.1786147263787978}]}
