{"Jetelina":[{"apino":"JS312","max":0.6797794362042024,"min":1.112565073834748,"mean":0.8359902461064618},{"apino":"js312","max":1.518539492716733,"min":1.8220268600482106,"mean":1.73792015810413},{"apino":"js50","max":0.4575226205792786,"min":0.5692669191970344,"mean":0.5515620428221679},{"apino":"js51","max":0.45180068478108126,"min":0.5944254258917901,"mean":0.5426040159506741}]}
