{"Jetelina":[{"apino":"js312","max":1.0,"min":1.0,"mean":1.0},{"apino":"js313","max":0.7896431279130333,"min":0.9689569955638382,"mean":0.962333289070615},{"apino":"js314","max":0.5640970406652928,"min":0.6916411773046772,"mean":0.7031500684347611}]}
