{"Jetelina":[{"apino":"js312","max":1.0,"min":1.0,"mean":1.0},{"apino":"js314","max":0.424082705559629,"min":0.5403442409168243,"mean":0.5696391587808209},{"apino":"js313","max":0.7042531785429962,"min":0.7514285796535711,"mean":0.7105641903422478}]}
