{"Jetelina":[{"apino":"js312","max":1.0,"min":1.0,"mean":1.0},{"apino":"js314","max":0.2694678597728816,"min":0.5038407843901173,"mean":0.33960050194947905},{"apino":"js313","max":0.30061946109138554,"min":0.6253335930651602,"mean":0.3953936684335515}]}
