{"Jetelina":[{"apino":"JS312","max":1.0,"min":1.0,"mean":1.0},{"apino":"js314","max":0.4197139610985687,"min":0.4637909671206008,"mean":0.5153248841911808},{"apino":"js313","max":0.680528696272391,"min":0.6307277628032344,"mean":0.7011919137003281}]}
